{
    "name": "root",
    "metadata": {
        "timer_format_version": "0.1.0",
        "start_time_seconds": "1625422958",
        "python_version": "3.8.3 (tags/v3.8.3:6f8c832, May 13 2020, 22:37:02) [MSC v.1924 64 bit (AMD64)]",
        "command_line_arguments": "C:\\Users\\ASUS\\Documents\\UnityProjects\\FinalYearProject\\venv\\Scripts\\mlagents-learn --run-id=RLEnemy2",
        "mlagents_version": "0.23.0",
        "mlagents_envs_version": "0.23.0",
        "communication_protocol_version": "1.3.0",
        "pytorch_version": "1.7.1+cu101",
        "numpy_version": "1.18.5",
        "end_time_seconds": "1625423740"
    },
    "total": 781.5128172,
    "count": 1,
    "self": 0.009593699999982164,
    "children": {
        "run_training.setup": {
            "total": 0.014666599999999974,
            "count": 1,
            "self": 0.014666599999999974
        },
        "TrainerController.start_learning": {
            "total": 781.4885568999999,
            "count": 1,
            "self": 1.3258099000090624,
            "children": {
                "TrainerController._reset_env": {
                    "total": 11.3601145,
                    "count": 1,
                    "self": 11.3601145
                },
                "TrainerController.advance": {
                    "total": 768.4857488999908,
                    "count": 42680,
                    "self": 0.5808789999956616,
                    "children": {
                        "env_step": {
                            "total": 767.9048698999951,
                            "count": 42680,
                            "self": 668.6796319000023,
                            "children": {
                                "SubprocessEnvManager._take_step": {
                                    "total": 98.5731424999965,
                                    "count": 42680,
                                    "self": 3.5038563000037186,
                                    "children": {
                                        "TorchPolicy.evaluate": {
                                            "total": 95.06928619999277,
                                            "count": 42637,
                                            "self": 44.725112799987386,
                                            "children": {
                                                "TorchPolicy.sample_actions": {
                                                    "total": 50.34417340000539,
                                                    "count": 42637,
                                                    "self": 50.34417340000539
                                                }
                                            }
                                        }
                                    }
                                },
                                "workers": {
                                    "total": 0.6520954999963067,
                                    "count": 42679,
                                    "self": 0.0,
                                    "children": {
                                        "worker_root": {
                                            "total": 769.8419903999986,
                                            "count": 42679,
                                            "is_parallel": true,
                                            "self": 152.9582711999999,
                                            "children": {
                                                "steps_from_proto": {
                                                    "total": 0.0003945999999999117,
                                                    "count": 1,
                                                    "is_parallel": true,
                                                    "self": 0.00013129999999961228,
                                                    "children": {
                                                        "_process_vector_observation": {
                                                            "total": 0.0002633000000002994,
                                                            "count": 2,
                                                            "is_parallel": true,
                                                            "self": 0.0002633000000002994
                                                        }
                                                    }
                                                },
                                                "UnityEnvironment.step": {
                                                    "total": 616.8833245999987,
                                                    "count": 42679,
                                                    "is_parallel": true,
                                                    "self": 4.156375799986677,
                                                    "children": {
                                                        "UnityEnvironment._generate_step_input": {
                                                            "total": 8.451058900012304,
                                                            "count": 42679,
                                                            "is_parallel": true,
                                                            "self": 8.451058900012304
                                                        },
                                                        "communicator.exchange": {
                                                            "total": 593.1811828999975,
                                                            "count": 42679,
                                                            "is_parallel": true,
                                                            "self": 593.1811828999975
                                                        },
                                                        "steps_from_proto": {
                                                            "total": 11.094707000002279,
                                                            "count": 42679,
                                                            "is_parallel": true,
                                                            "self": 4.927177299992119,
                                                            "children": {
                                                                "_process_vector_observation": {
                                                                    "total": 6.16752970001016,
                                                                    "count": 85358,
                                                                    "is_parallel": true,
                                                                    "self": 6.16752970001016
                                                                }
                                                            }
                                                        }
                                                    }
                                                }
                                            }
                                        }
                                    }
                                }
                            }
                        }
                    }
                },
                "trainer_threads": {
                    "total": 3.6900000054629345e-05,
                    "count": 1,
                    "self": 3.6900000054629345e-05,
                    "children": {
                        "thread_root": {
                            "total": 0.0,
                            "count": 0,
                            "is_parallel": true,
                            "self": 0.0,
                            "children": {
                                "trainer_advance": {
                                    "total": 768.567258900006,