{
    "name": "root",
    "metadata": {
        "timer_format_version": "0.1.0",
        "start_time_seconds": "1625417689",
        "python_version": "3.8.3 (tags/v3.8.3:6f8c832, May 13 2020, 22:37:02) [MSC v.1924 64 bit (AMD64)]",
        "command_line_arguments": "C:\\Users\\ASUS\\Documents\\UnityProjects\\FinalYearProject\\venv\\Scripts\\mlagents-learn --run-id=RLEnemy1",
        "mlagents_version": "0.23.0",
        "mlagents_envs_version": "0.23.0",
        "communication_protocol_version": "1.3.0",
        "pytorch_version": "1.7.1+cu101",
        "numpy_version": "1.18.5",
        "end_time_seconds": "1625418338"
    },
    "total": 648.9569673,
    "count": 1,
    "self": 0.010920900000087386,
    "children": {
        "run_training.setup": {
            "total": 0.1242291000000002,
            "count": 1,
            "self": 0.1242291000000002
        },
        "TrainerController.start_learning": {
            "total": 648.8218172999999,
            "count": 1,
            "self": 1.0566350000042348,
            "children": {
                "TrainerController._reset_env": {
                    "total": 25.1812139,
                    "count": 1,
                    "self": 25.1812139
                },
                "TrainerController.advance": {
                    "total": 622.2388998999957,
                    "count": 37093,
                    "self": 0.49244169999440146,
                    "children": {
                        "env_step": {
                            "total": 621.7464582000013,
                            "count": 37093,
                            "self": 533.7276012999889,
                            "children": {
                                "SubprocessEnvManager._take_step": {
                                    "total": 87.45631000000952,
                                    "count": 37093,
                                    "self": 2.9589645000031766,
                                    "children": {
                                        "TorchPolicy.evaluate": {
                                            "total": 84.49734550000635,
                                            "count": 37041,
                                            "self": 38.68052020001114,
                                            "children": {
                                                "TorchPolicy.sample_actions": {
                                                    "total": 45.81682529999521,
                                                    "count": 37041,
                                                    "self": 45.81682529999521
                                                }
                                            }
                                        }
                                    }
                                },
                                "workers": {
                                    "total": 0.5625469000028218,
                                    "count": 37092,
                                    "self": 0.0,
                                    "children": {
                                        "worker_root": {
                                            "total": 626.2542104999968,
                                            "count": 37092,
                                            "is_parallel": true,
                                            "self": 137.0791817999961,
                                            "children": {
                                                "steps_from_proto": {
                                                    "total": 0.009074300000001756,
                                                    "count": 1,
                                                    "is_parallel": true,
                                                    "self": 0.00014930000000035193,
                                                    "children": {
                                                        "_process_vector_observation": {
                                                            "total": 0.008925000000001404,
                                                            "count": 2,
                                                            "is_parallel": true,
                                                            "self": 0.008925000000001404
                                                        }
                                                    }
                                                },
                                                "UnityEnvironment.step": {
                                                    "total": 489.1659544000007,
                                                    "count": 37092,
                                                    "is_parallel": true,
                                                    "self": 3.5001618000222265,
                                                    "children": {
                                                        "UnityEnvironment._generate_step_input": {
                                                            "total": 7.313816500004506,
                                                            "count": 37092,
                                                            "is_parallel": true,
                                                            "self": 7.313816500004506
                                                        },
                                                        "communicator.exchange": {
                                                            "total": 468.70254879998294,
                                                            "count": 37092,
                                                            "is_parallel": true,
                                                            "self": 468.70254879998294
                                                        },
                                                        "steps_from_proto": {
                                                            "total": 9.64942729999104,
                                                            "count": 37092,
                                                            "is_parallel": true,
                                                            "self": 4.302692599999094,
                                                            "children": {
                                                                "_process_vector_observation": {
                                                                    "total": 5.346734699991945,
                                                                    "count": 74184,
                                                                    "is_parallel": true,
                                                                    "self": 5.346734699991945
                                                                }
                                                            }
                                                        }
                                                    }
                                                }
                                            }
                                        }
                                    }
                                }
                            }
                        }
                    }
                },
                "trainer_threads": {
                    "total": 3.839999999399879e-05,
                    "count": 1,
                    "self": 3.839999999399879e-05,
                    "children": {
                        "thread_root": {
                            "total": 0.0,
                            "count": 0,
                            "is_parallel": true,
                            "self": 0.0,
                            "children": {
                                "trainer_advance": {
                                    "total": 622.3173912000012,