{
    "name": "root",
    "metadata": {
        "timer_format_version": "0.1.0",
        "start_time_seconds": "1611926835",
        "python_version": "3.8.3 (tags/v3.8.3:6f8c832, May 13 2020, 22:37:02) [MSC v.1924 64 bit (AMD64)]",
        "command_line_arguments": "C:\\Users\\ASUS\\Documents\\UnityProjects\\FinalYearProject\\venv\\Scripts\\mlagents-learn --run-id=NewGoodTrained",
        "mlagents_version": "0.23.0",
        "mlagents_envs_version": "0.23.0",
        "communication_protocol_version": "1.3.0",
        "pytorch_version": "1.7.1+cu101",
        "numpy_version": "1.18.5",
        "end_time_seconds": "1611926987"
    },
    "total": 151.5977741,
    "count": 1,
    "self": 0.007072300000004361,
    "children": {
        "run_training.setup": {
            "total": 0.011962299999999981,
            "count": 1,
            "self": 0.011962299999999981
        },
        "TrainerController.start_learning": {
            "total": 151.5787395,
            "count": 1,
            "self": 0.1884130999985416,
            "children": {
                "TrainerController._reset_env": {
                    "total": 9.9039337,
                    "count": 1,
                    "self": 9.9039337
                },
                "TrainerController.advance": {
                    "total": 141.27931290000146,
                    "count": 7052,
                    "self": 0.08784420000088744,
                    "children": {
                        "env_step": {
                            "total": 141.19146870000057,
                            "count": 7052,
                            "self": 124.40528700000178,
                            "children": {
                                "SubprocessEnvManager._take_step": {
                                    "total": 16.69096150000017,
                                    "count": 7052,
                                    "self": 0.5524154000005836,
                                    "children": {
                                        "TorchPolicy.evaluate": {
                                            "total": 16.138546099999587,
                                            "count": 7051,
                                            "self": 7.365279299999962,
                                            "children": {
                                                "TorchPolicy.sample_actions": {
                                                    "total": 8.773266799999625,
                                                    "count": 7051,
                                                    "self": 8.773266799999625
                                                }
                                            }
                                        }
                                    }
                                },
                                "workers": {
                                    "total": 0.09522019999862863,
                                    "count": 7051,
                                    "self": 0.0,
                                    "children": {
                                        "worker_root": {
                                            "total": 143.5995699000003,
                                            "count": 7051,
                                            "is_parallel": true,
                                            "self": 27.028209300000782,
                                            "children": {
                                                "steps_from_proto": {
                                                    "total": 0.00043569999999970577,
                                                    "count": 1,
                                                    "is_parallel": true,
                                                    "self": 0.00014300000000044832,
                                                    "children": {
                                                        "_process_vector_observation": {
                                                            "total": 0.00029269999999925744,
                                                            "count": 2,
                                                            "is_parallel": true,
                                                            "self": 0.00029269999999925744
                                                        }
                                                    }
                                                },
                                                "UnityEnvironment.step": {
                                                    "total": 116.57092489999951,
                                                    "count": 7051,
                                                    "is_parallel": true,
                                                    "self": 0.6613402999983151,
                                                    "children": {
                                                        "UnityEnvironment._generate_step_input": {
                                                            "total": 1.4447990000001347,
                                                            "count": 7051,
                                                            "is_parallel": true,
                                                            "self": 1.4447990000001347
                                                        },
                                                        "communicator.exchange": {
                                                            "total": 112.66125770000079,
                                                            "count": 7051,
                                                            "is_parallel": true,
                                                            "self": 112.66125770000079
                                                        },
                                                        "steps_from_proto": {
                                                            "total": 1.8035279000002777,
                                                            "count": 7051,
                                                            "is_parallel": true,
                                                            "self": 0.8091864999989937,
                                                            "children": {
                                                                "_process_vector_observation": {
                                                                    "total": 0.994341400001284,
                                                                    "count": 14102,
                                                                    "is_parallel": true,
                                                                    "self": 0.994341400001284
                                                                }
                                                            }
                                                        }
                                                    }
                                                }
                                            }
                                        }
                                    }
                                }
                            }
                        }
                    }
                },
                "trainer_threads": {
                    "total": 3.300000000194814e-05,
                    "count": 1,
                    "self": 3.300000000194814e-05,
                    "children": {
                        "thread_root": {
                            "total": 0.0,
                            "count": 0,
                            "is_parallel": true,
                            "self": 0.0,
                            "children": {
                                "trainer_advance": {
                                    "total": 139.98658209999985,